code,system
10046001,gprdproduct
12046001,gprdproduct
12449001,gprdproduct
3390001,gprdproduct
3390002,gprdproduct
3390003,gprdproduct
4301001,gprdproduct
4301002,gprdproduct
5527001,gprdproduct
5527002,gprdproduct
5747007,gprdproduct
6235007,gprdproduct
8599001,gprdproduct
8886001,gprdproduct
8903001,gprdproduct
10092001,gprdproduct
10642001,gprdproduct
10746001,gprdproduct
11438001,gprdproduct
8133001,gprdproduct
8649001,gprdproduct
8649003,gprdproduct
10098001,gprdproduct
10130001,gprdproduct
10196001,gprdproduct
11084001,gprdproduct
12450001,gprdproduct
1328002,gprdproduct
2052007,gprdproduct
3251002,gprdproduct
3253007,gprdproduct
428001,gprdproduct
5028001,gprdproduct
7828001,gprdproduct
8439001,gprdproduct
8600002,gprdproduct
8649002,gprdproduct
8885001,gprdproduct
9228001,gprdproduct
9229001,gprdproduct
9381001,gprdproduct
9381003,gprdproduct
9382001,gprdproduct
10370001,gprdproduct
10372001,gprdproduct
10418001,gprdproduct
10499001,gprdproduct
10790001,gprdproduct
10790002,gprdproduct
10790003,gprdproduct
10917001,gprdproduct
10917002,gprdproduct
10917003,gprdproduct
11062001,gprdproduct
11064001,gprdproduct
11171001,gprdproduct
11668001,gprdproduct
11670001,gprdproduct
12240001,gprdproduct
12948001,gprdproduct
12950001,gprdproduct
12951001,gprdproduct
12952001,gprdproduct
12953001,gprdproduct
12955001,gprdproduct
12956001,gprdproduct
12957001,gprdproduct
14023001,gprdproduct
14024001,gprdproduct
14025001,gprdproduct
14026001,gprdproduct
14032001,gprdproduct
14033001,gprdproduct
14034001,gprdproduct
14035001,gprdproduct
14036001,gprdproduct
14037001,gprdproduct
2006001,gprdproduct
2006002,gprdproduct
236001,gprdproduct
2799009,gprdproduct
3252003,gprdproduct
3255001,gprdproduct
397009,gprdproduct
397010,gprdproduct
4659001,gprdproduct
4660001,gprdproduct
4828009,gprdproduct
5480003,gprdproduct
5481001,gprdproduct
5481002,gprdproduct
5481003,gprdproduct
5483001,gprdproduct
5483002,gprdproduct
5483003,gprdproduct
6926003,gprdproduct
7037002,gprdproduct
7037003,gprdproduct
704001,gprdproduct
7628001,gprdproduct
8128001,gprdproduct
8129001,gprdproduct
8130001,gprdproduct
8379002,gprdproduct
8379003,gprdproduct
8732001,gprdproduct
8909002,gprdproduct
8909003,gprdproduct
9105001,gprdproduct
9164001,gprdproduct
9165001,gprdproduct
9165003,gprdproduct
9186001,gprdproduct
9353001,gprdproduct
9752001,gprdproduct
9752002,gprdproduct
9758001,gprdproduct
9758002,gprdproduct
10417001,gprdproduct
10530001,gprdproduct
10600001,gprdproduct
10639001,gprdproduct
1102001,gprdproduct
1107001,gprdproduct
11087001,gprdproduct
11457001,gprdproduct
1159001,gprdproduct
1160001,gprdproduct
1271001,gprdproduct
13167001,gprdproduct
13168001,gprdproduct
13941001,gprdproduct
13949001,gprdproduct
2374003,gprdproduct
3252001,gprdproduct
3252002,gprdproduct
3254001,gprdproduct
397011,gprdproduct
4661001,gprdproduct
4662001,gprdproduct
5482001,gprdproduct
6303001,gprdproduct
6303002,gprdproduct
6421001,gprdproduct
6680001,gprdproduct
6684001,gprdproduct
7317001,gprdproduct
7414001,gprdproduct
779002,gprdproduct
779003,gprdproduct
780001,gprdproduct
8123001,gprdproduct
8124001,gprdproduct
8125001,gprdproduct
8134001,gprdproduct
8135001,gprdproduct
8140001,gprdproduct
8319001,gprdproduct
8520001,gprdproduct
8576001,gprdproduct
8587001,gprdproduct
8587002,gprdproduct
8587003,gprdproduct
8610003,gprdproduct
8621001,gprdproduct
8648001,gprdproduct
9124001,gprdproduct
9124002,gprdproduct
9476001,gprdproduct
10599001,gprdproduct
10640001,gprdproduct
10641001,gprdproduct
1088003,gprdproduct
11672001,gprdproduct
1531011,gprdproduct
7934001,gprdproduct
8610001,gprdproduct
8610002,gprdproduct
8692001,gprdproduct
10678001,gprdproduct
11112001,gprdproduct
11112002,gprdproduct
10783001,gprdproduct
4396001,gprdproduct
10787001,gprdproduct
14268001,gprdproduct
2240001,gprdproduct
2240003,gprdproduct
2374001,gprdproduct
2374002,gprdproduct
3251001,gprdproduct
4342001,gprdproduct
4342002,gprdproduct
5837001,gprdproduct
5838001,gprdproduct
5838002,gprdproduct
7748001,gprdproduct
8453001,gprdproduct
8530001,gprdproduct
8600001,gprdproduct
8611001,gprdproduct
8611002,gprdproduct
8611003,gprdproduct
8913001,gprdproduct
9916001,gprdproduct
1088001,gprdproduct
1088002,gprdproduct
11110001,gprdproduct
11679001,gprdproduct
11792001,gprdproduct
7559001,gprdproduct
8137001,gprdproduct
9354001,gprdproduct
11164001,gprdproduct
2541001,gprdproduct
2541002,gprdproduct
2542001,gprdproduct
2542002,gprdproduct
7633001,gprdproduct
7778001,gprdproduct
9180001,gprdproduct
9180002,gprdproduct
11173001,gprdproduct
11668002,gprdproduct
7037001,gprdproduct
9164003,gprdproduct
9165002,gprdproduct
12949001,gprdproduct
12954001,gprdproduct
779001,gprdproduct
8379001,gprdproduct
8909001,gprdproduct
1328001,gprdproduct
1531009,gprdproduct
1531010,gprdproduct
2234001,gprdproduct
2234002,gprdproduct
2237001,gprdproduct
2237002,gprdproduct
2240002,gprdproduct
2267001,gprdproduct
2517001,gprdproduct
2517002,gprdproduct
3253001,gprdproduct
3255002,gprdproduct
3607001,gprdproduct
3607002,gprdproduct
4636007,gprdproduct
5480002,gprdproduct
6926002,gprdproduct
5262001,gprdproduct
5262002,gprdproduct
5480001,gprdproduct
9164002,gprdproduct
6926001,gprdproduct
704002,gprdproduct
7413001,gprdproduct
8947001,gprdproduct
9379001,gprdproduct
8542001,gprdproduct
8945001,gprdproduct
8671001,gprdproduct
8692002,gprdproduct
8902001,gprdproduct
9126001,gprdproduct
9126002,gprdproduct
9381002,gprdproduct
9752003,gprdproduct
9758003,gprdproduct